Product identifier,Identifier type,Cost USD,Comments
024543327226,UPC,1,24657
191329098752,UPC,1,24656
883929679270,UPC,1,24654
024543751823,UPC,1,24653
883929526475,UPC,1,24652
777235018703,UPC,1,24651
024543716716,UPC,1,24650
883929577712,UPC,1,24649
024543968924,UPC,1,24648
057373204146,UPC,1,24647
888235023571,UPC,1,24646
024543755319,UPC,1,24645
043396405172,UPC,1,24644
883929416325,UPC,1,24643
883929642809,UPC,1,24642
774212005688,UPC,1,24641
043396442504,UPC,1,24640
888235020228,UPC,1,24639
888235020020,UPC,1,24638
774212929281,UPC,1,24637
888235020990,UPC,1,24636
888235029207,UPC,1,24635
191329093672,UPC,1,24634
774212927591,UPC,1,24633
024543799993,UPC,1,24632
085391294139,UPC,1,24631
032429094650,UPC,1,24630
883929667109,UPC,1,24629
888235027838,UPC,1,24628
777235018963,UPC,1,24627
024543886891,UPC,1,24626
024543314271,UPC,1,24625
774212944284,UPC,1,24624
883929473878,UPC,1,24623
774212001475,UPC,1,24622
065935593096,UPC,1,24621
774212119569,UPC,1,24620
629159059495,UPC,1,24619
191329052105,UPC,1,24618
025192135064,UPC,1,24617
032429092519,UPC,1,24616
057373208694,UPC,1,24615
097361376295,UPC,1,24614
826663186246,UPC,1,24613
888235024257,UPC,1,24612
883929526543,UPC,1,24611
774212004575,UPC,1,24610
065935403029,UPC,1,24609
629159059303,UPC,1,24608
032429129284,UPC,1,24607
043396429161,UPC,1,24606
043396364486,UPC,1,24605
774212114656,UPC,1,24604
883929194339,UPC,1,24603
777235019083,UPC,1,24602
025195050746,UPC,1,24601
774212946530,UPC,1,24600
777235017799,UPC,1,24599
888235028590,UPC,1,24598
774212930089,UPC,1,24597
774212006050,UPC,1,24596
025192227158,UPC,1,24595
774212932861,UPC,1,24594
774212939303,UPC,1,24593
888235023335,UPC,1,24592
025192392207,UPC,1,24591
032429115980,UPC,1,24590
883929207848,UPC,1,24589
043396420823,UPC,1,24588
888235023779,UPC,1,24587
777235016631,UPC,1,24586
883929285808,UPC,1,24585
625828586309,UPC,1,24584
057373218112,UPC,1,24583
888235028965,UPC,1,24582
777235019380,UPC,1,24581
024543579564,UPC,1,24580
024543690115,UPC,1,24579
032429160416,UPC,1,24578
032429254085,UPC,1,24577
629159059891,UPC,1,24576
032429244512,UPC,1,24575
883929026005,UPC,1,24574
025192032141,UPC,1,24573
191329063828,UPC,1,24572
025192149160,UPC,1,24571
777235017683,UPC,1,24570
043396345850,UPC,1,24569
625828620775,UPC,1,24568
888235021232,UPC,1,24567
888235026473,UPC,1,24566
011575011759,UPC,1,24474
085392425327,UPC,1,24466
